{
  "case_name": "default_case_DOWN",
  "D0": 1.682,
  "D1": 1.717,
  "Db": 2.403,
  "Ls": 3.744,
  "La": 0.844,
  "Lb": 2.168,
  "epsilon": 0.3,
  "p0": 10200,
  "d_p": 0.009,
  "T_we": 1273,
  "U": 4,
  "W_o": 4392,
  "W_c": 0,
  "W_L": 0,
  "alpha_Fe": 0.673,
  "HM_Fe": 0.99,
  "HI_O2": 188,
  "SI": 1141,
  "SI_H2": 798.6999999999999,
  "SI_CO": 342.30000000000007,
  "d_o": 0.009,
  "phi_o": 0.8,
  "epsilon_o": 0.2,
  "rho_po": 2200,
  "c_H0": 13.219642857142858,
  "F_o": 1.9963636363636363,
  "F_c": 0.0,
  "F_L": 0.0,
  "Fs": 1.9963636363636363,
  "N_o": 1834814.290582161,
  "Prod": 74.53090909090908,
  "H2_input": 2480.326545454545,
  "CO_input": 1062.997090909091,
  "T_in": 1273,
  "t_in": 1200,
  "fs_in": 1,
  "x_in": 0.999999999999999,
  "y_in": 1e-15,
  "w_in": 0,
  "rhob_in": 1700,
  "p_in": 10200,
  "H0": 4.166,
  "HH": 5.872,
  "bvp_guess_at_H0": [
    1223,
    1200,
    1,
    0.8,
    1700,
    10200
  ],
  "bvp_guess_at_HH": [
    1273,
    1270,
    1,
    1.0,
    1640,
    14000
  ],
  "initial_mesh": 100
}