{
  "case_name": "default_case",
  "D0": 1.682,
  "D1": 1.717,
  "Db": 2.403,
  "Ls": 3.744,
  "La": 0.844,
  "Lb": 2.168,
  "epsilon": 0.3,
  "p0": 2040,
  "d_p": 0.009,
  "T_we": 308,
  "U": 10,
  "W_o": 4392,
  "W_c": 0,
  "W_L": 0,
  "alpha_Fe": 0.673,
  "HM_Fe": 0.99,
  "HI_O2": 188,
  "SI": 1141,
  "SI_H2": 798.6999999999999,
  "SI_CO": 342.30000000000007,
  "d_o": 0.009,
  "phi_o": 0.8,
  "epsilon_o": 0.2,
  "rho_po": 2200,
  "c_H0": 13.219642857142858,
  "F_o": 1.9963636363636363,
  "F_c": 0.0,
  "F_L": 0.0,
  "Fs": 1.9963636363636363,
  "N_o": 1834814.290582161,
  "Prod": 74.53090909090908,
  "H2_input": 2480.326545454545,
  "CO_input": 1062.997090909091,
  "T_in": 1223,
  "t_in": 298,
  "fs_in": 0.0,
  "x_in": 0.437,
  "y_in": 0.057,
  "w_in": 0.506,
  "rhob_in": 2200,
  "p_in": 2040,
  "H0": 0.0,
  "H1": 1,
  "H2": 2,
  "H3": 3,
  "HH": 4.166,
  "value0": [
    600,
    298,
    0,
    0.383,
    0.112,
    0.247,
    2200,
    2040
  ],
  "value1": [
    950,
    900,
    0.3,
    0.398,
    0.097,
    0.328,
    2100,
    4080
  ],
  "value2": [
    1100,
    1050,
    0.5,
    0.413,
    0.082,
    0.397,
    2000,
    6120
  ],
  "value3": [
    1200,
    1180,
    0.7,
    0.428,
    0.067,
    0.477,
    1850,
    8160
  ],
  "valueH": [
    1223,
    1200,
    0.85,
    0.438,
    0.057,
    0.505,
    1700,
    10200
  ],
  "initial_mesh": 200
}